id,name
1,Barbaraanne Taggart
2,Penrod Reddle
3,Ephrem Salery
4,Donica Bendson
5,Fleurette Kernes
6,Christophe Bruni
7,Victoria Rebichon
8,Eveleen Reisin
9,Daile Morilla
10,Any Wonfor
11,Tory Stribbling
12,Julianna Aldcorne
13,Cyndy Treweke
14,Odelia Lydiard
15,Quint Buske
16,Boony Spellacy
17,Karel Davison
18,Zsazsa Custy
19,Moshe Weatherup
20,Willow Wrankmore
21,Henrieta Salsberg
22,Town Elwood
23,Selma Brookwood
24,Antone Molloy
25,Elisabetta Veare
26,Brent Stocker
27,Urson Eustanch
28,Dominik Cowhig
29,Hailey Tramel
30,Farrel Ragdale
31,Benny Stanion
32,Teodorico Errett
33,Gael Tinton
34,Jacquenette Melburg
35,Oliver Petru
36,Ruggiero Grisedale
37,Scarface Outright
38,Karlotte Tebbett
39,Elizabeth Ortelt
40,Ricky Jacobsz
41,Dianna Hilldrup
42,Analiese Pala
43,Raviv Martineau
44,Milka Lukas
45,Malvin Bouttell
46,Tate Birdis
47,Arlinda Oxherd
48,Ingra Harrald
49,Jud Vidgen
50,Nichole Dene
51,Kassi Facey
52,Augustine Braund
53,Domenic Luetkemeyers
54,Kimmy Hanigan
55,Yolane Kinsett
56,Catha Rodrig
57,Glory Darrel
58,Devinne Deam
59,Ronnica Chasemore
60,Stanislas McGlaughn
61,Nevile Poppleston
62,Karlyn Radbond
63,Stillmann Bills
64,Cleveland Stivers
65,Adlai Giannoni
66,Hilda Paxton
67,Raynor Gibbs
68,Myrna Greyes
69,Antonino Yorath
70,Ailee Duchateau
71,Matthieu Challice
72,Em Allsup
73,Nerty Claypoole
74,Carine Duchesne
75,Jenica Crosbie
76,Missie Maingot
77,Colette Hearon
78,Heda McCaster
79,Beau Pallaske
80,Jamison Syphus
81,Jeannie Thickins
82,Cris Fookes
83,Nadiya Durbin
84,Winnie Kemell
85,Nappie Ollerenshaw
86,Bunny Swinburne
87,Jocko Braikenridge
88,Mackenzie MacColm
89,Hendrika Hearne
90,Kim Seefus
91,Hewie Cecchetelli
92,Caritta Coombe
93,Keefe Woollacott
94,Timmi Corriea
95,Zorine Carlill
96,Noellyn Bufton
97,Hazel Nabbs
98,Kyle Lambole
99,Clemens Keijser
100,Bill Fleet
101,Kayne Comusso
102,Benjamen Mart
103,Harley Whiley
104,Beret Hayen
105,Adolphus Macenzy
106,Cherey Goodrich
107,Lauryn Gurko
108,Lilllie Maffey
109,Kalila Ball
110,Zollie Liven
111,Antonius McHugh
112,Maddalena Garlee
113,Codi Vousden
114,Harmonia Albrook
115,Marabel Melling
116,Gaylene Burchnall
117,Cookie Kruger
118,Berget Preedy
119,Roch Bilyard
120,Marion Avramovich
121,Brietta Taffley
122,Freeland Penrice
123,Roxane Giottini
124,Gard Cyseley
125,Tedda Bernholt
126,Nevin Pittendreigh
127,Kora Emmins
128,Cletus Norbury
129,Rozanne Morrott
130,Gussi Potier
131,Eveleen Lunam
132,Quinn Fitzer
133,Deck Hunter
134,Esta Kendred
135,Conrado Dulinty
136,Jess Pavlasek
137,Jsandye Greep
138,Cobby De la Eglise
139,Cher Cornall
140,Haydon Alanbrooke
141,Lorelle Ashard
142,Myranda Vango
143,Camey Helleker
144,Rennie Zumbusch
145,Gerladina Mephan
146,Camey Brickner
147,Gordie Balser
148,Dionisio Dillon
149,Elisabet Allwright
150,Stacee Garratt
151,Kandy Gurdon
152,Cathrin Woolpert
153,Allister Gash
154,Verge Dymott
155,Sol Jakeman
156,Ivy Penchen
157,Daveen Squires
158,Zeke Chelsom
159,Evangelin Yaldren
160,Bea Lambird
161,Moll Vallentin
162,Silvanus Speak
163,Starr Tedridge
164,Valeda Yven
165,Clair Covet
166,Kesley Yuill
167,Lorelei Faldoe
168,Jeremiah Ioannou
169,Rip Piggrem
170,Elisabet Amies
171,Loren Corless
172,Winifield Broderick
173,Kathryn Korous
174,Torrance Rozalski
175,Letizia Surby
176,Noelani Castellet
177,Tessie Ayton
178,Dolph Brende
179,Odilia Shilladay
180,Raimund Burbank
181,Rosemary Grossier
182,Camala Bye
183,Mara MacDonough
184,Laurens Birtwistle
185,Giorgia Feeney
186,Gerardo Vogelein
187,Dona Blasgen
188,Forster Philo
189,Cherise Allitt
190,Micky Hamon
191,Verna Lintott
192,Krystal Urquhart
193,Barton Van Arsdall
194,Lainey Jannings
195,Marcus Sagg
196,Artemus Hedon
197,Margalit Drewitt
198,Lorita Leggatt
199,Min Wolters
200,Willyt Keely
201,Minor Ribeiro
202,Bengt Oehm
203,Pietra Penchen
204,Elianora Howells
205,Roley Beaty
206,Deb Vinall
207,Judith Duthy
208,Helyn Bastable
209,Emlyn Szymanowski
210,Leila Armitt
211,Filmer Normandale
212,Alecia Ramelot
213,Muffin Vettore
214,Rochella Creegan
215,Mirna Wonfar
216,Dayna Trowel
217,Rosalinde Bramer
218,Fiona Pinfold
219,Emmett Hatherall
220,Hardy de Clercq
221,Sigmund Wellbank
222,Adela Elegood
223,Lisette Raiman
224,Waring Whatley
225,Rhett Caramuscia
226,Chilton Duffill
227,Maressa Robillard
228,Peri MacCaughen
229,Federica Rogliero
230,Geordie Jarville
231,Marilin Morgon
232,Orran Petersen
233,Minette Carvil
234,Nana MacChaell
235,Clo Creany
236,Burnaby Ebrall
237,Susy Swait
238,Isadora Ipsley
239,Rawley Casebourne
240,Yvor Wakenshaw
241,Alec Eatock
242,Lacie Wadeson
243,Peterus Rubberts
244,Hester Lusher
245,Tabbie Semeniuk
246,Phillis Riby
247,Hyacinthe Whitcomb
248,Cross Bezants
249,Nicolle Batting
250,Bridget Courtenay
251,Alexandro Pettisall
252,Tabbie Downs
253,Lauraine Greenhaugh
254,Renault Watkin
255,Lonna Bugden
256,Mufi Lowey
257,Bryanty Marrow
258,Barri Rathke
259,Anastasie McKevany
260,Ida Igglesden
261,Adolphe Harral
262,Gorden Skaif
263,Rutledge Pickford
264,Torre Kornilov
265,Silva Manchester
266,Andreas Reynold
267,Goldarina MacGettigen
268,Anders Bunner
269,Philip Swiffin
270,Octavius Vignaux
271,Ginnifer Everly
272,Tani Davys
273,Ransell Kleisle
274,Angela Linstead
275,Issi Whetnell
276,Michelina Stanlick
277,Lorrin Berthot
278,Tabb Oloshin
279,Tasha Luebbert
280,Ianthe Blindermann
281,Sybila Seiler
282,Emelina Ajam
283,Kevyn Peeter
284,Daffi Lawrinson
285,Karlene Dominique
286,Crystal Gwatkin
287,Barty Dowyer
288,Burgess Hannam
289,Mickie Gallie
290,Teddie Schirak
291,Teresa Brunsden
292,Say Tidmas
293,Lyn Dmych
294,Jennifer Kenney
295,Olva Haizelden
296,Bert Flann
297,Nicol Ebanks
298,Adrian Ramme
299,Jonell Eburah
300,Merrili Garnsey
301,Edita Boggas
302,Sydney Hitzke
303,Forster Crielly
304,Demetra McGeagh
305,Bren Wickett
306,Fania Vila
307,Herold Wyper
308,Marsiella Joiner
309,Weylin Laidler
310,Grace Oneile
311,Andrej Oldnall
312,Alana Hazeldean
313,L;urette Biddiss
314,Reinaldo Cleator
315,Osbourn Manach
316,Delaney Mateus
317,Lucio Craigie
318,Ernst Lewinton
319,Uriel Petroff
320,Raf Meaking
321,Harris Scobie
322,Aldis Stife
323,Ollie Lanfranchi
324,Giusto Mabbs
325,Dilly Titchmarsh
326,Dinny Timson
327,Klara Kener
328,Hartwell Westberg
329,Phineas Dumsday
330,Vernen Reims
331,Warner Wolfer
332,Cahra O'Corren
333,Reginauld Caulcott
334,Petronia Cranshaw
335,Ingelbert Gribbell
336,Kendre Smeuin
337,Christi Dowtry
338,Rudyard Briskey
339,Yorgos Schreiner
340,Martainn Van der Kruis
341,Sofia Slamaker
342,Beverie Domenc
343,Henry Waylett
344,Drusilla Pollak
345,Geralda Weal
346,Clo Blindermann
347,Emmalyn Mawd
348,Humfried Cochern
349,Catharina Gueny
350,Baxy Hinnerk
351,Oswell Mourant
352,Peyton Reichardt
353,Neila Brognot
354,Zuzana Fossord
355,Bone Dumbreck
356,Ike Maling
357,Alayne Funcheon
358,Morie Rains
359,Godfree Ghion
360,Bart Treamayne
361,Thorndike McTeer
362,Ashley Cakebread
363,Prudy Rhucroft
364,Daniella Sivier
365,Zacherie Tippell
366,Lenci Ubee
367,Oswell Ilsley
368,Niki Mauser
369,Sascha Burden
370,Cher Dagworthy
371,Gabie Ferrar
372,Reamonn Willoughley
373,Bernadene Perrelle
374,Reagen Piburn
375,Arnoldo Marciek
376,Helenka Sibbert
377,Rafferty Bampforth
378,Nanci Merry
379,Dalston Forbes
380,Casper Zylberdik
381,Gabriel Perritt
382,Tomlin Brantl
383,Reginald Stoltz
384,Norbert Ticksall
385,Yolanthe Mufford
386,Jarrod Lessmare
387,Bil Durnford
388,Shoshanna Thew
389,Anni Chatburn
390,Kara Goodspeed
391,Latashia Tabord
392,Ariana Giacobillo
393,Maurene Harbert
394,Anatollo Housego
395,Harry Desaur
396,Virginia Neagle
397,Barbabas Giacomozzo
398,Oliviero Crawforth
399,Swen Reddle
400,Edgardo Brazil
401,Christopher Perrins
402,Robbie Ilyas
403,Jen Pfaffe
404,Bennie Quarles
405,Tibold Rodriguez
406,Dallis Yurivtsev
407,Bert Lynam
408,Lorrin Haggith
409,Simon Carlens
410,Brande Mityashin
411,Amalea Binestead
412,Micah Culpin
413,Sharline Fausch
414,Shepard Huet
415,Linea Ballantine
416,Carson Tomaschke
417,Annis Gravatt
418,Pepito Bernlin
419,Pammie Eyeington
420,Clarisse Trigg
421,Josi Blanshard
422,Richie Stradling
423,Faulkner Trime
424,Jany Sparrowhawk
425,Simone Hakonsson
426,Hayes Banting
427,Huntley Kinson
428,Caresse Berzins
429,Mady Shotter
430,Elsbeth Marriot
431,Aigneis Frizzell
432,Lexis Preene
433,Tucky Shyres
434,Darryl Stores
435,Kanya Doree
436,Sandy Eidler
437,Evie Barfford
438,Virginia Romand
439,Pavel Tiffney
440,Damaris Edmett
441,Kristi Hartright
442,Briant Bavin
443,Lib Filewood
444,Moreen Lemmers
445,Charles Harbottle
446,Findlay Stamp
447,Amalia Facer
448,Clayson Rickardsson
449,Collie Gumary
450,Melisenda Purchon
451,Pamella Newland
452,Matilde Roman
453,Aldis Garms
454,Starla Bearward
455,Beatrice Sanchiz
456,Ainslie Claus
457,Sergeant Dighton
458,Amelia Arundel
459,Shannah Hasard
460,Mathe Boxill
461,Winne Gerring
462,Melisse Paish
463,Dinny Bazylets
464,Brunhilde Cleall
465,Therine Didball
466,Sheelagh McDermott-Row
467,Gillian Besnard
468,Selia Dundendale
469,Salomi Kinnerley
470,Garik Gecke
471,Gregorius Tranter
472,Cinnamon Pregel
473,Chane Bleibaum
474,Darrell Gregory
475,Sammy Chaulk
476,Farand Kindred
477,Eada Forsyth
478,Alair Farry
479,Kelsey Denyer
480,Farra Beste
481,Maurine Schieferstein
482,Che Geator
483,Theresa Dommerque
484,Tades Rowbotham
485,Rodrick Cromie
486,Roselle Fairfoull
487,Celene Raiston
488,Jacob Henke
489,Harriott Allanby
490,Antonius Pretty
491,Ines Meineck
492,Marcelle Vanichev
493,Paloma Key
494,Riannon Ojeda
495,Clayton Glusby
496,Filmer Padell
497,Byrann Dryburgh
498,Ortensia Mogie
499,Laurena McGeoch
500,Clerc Hess
501,Wittie Govenlock
502,Greggory MacAnespie
503,Daryl Jefferson
504,Claire Crickmore
505,Desirae Beed
506,Dorine Vatcher
507,Natassia Iannelli
508,Truda Lambkin
509,Uriel Ludron
510,Nevsa Duggleby
511,Clarita Hardstaff
512,Deeann Beushaw
513,Lilia Kincey
514,Honey Janosevic
515,Callie Wiggans
516,Clotilda MacKereth
517,Wright Kern
518,Jermaine Henricsson
519,Burton Bore
520,Eloise Wetherill
521,Kora McRavey
522,Odette O' Concannon
523,Stefan Swaffer
524,Normy Spatarul
525,Eddy Tilbey
526,Melany Somerled
527,Jesus Loftie
528,Ario Blacket
529,Hilliard Larkkem
530,Dolorita Glentz
531,Allix Kase
532,Zita Geri
533,Georgiana Jakab
534,Sherie Frigot
535,Lindon Haquin
536,Emerson Brinkley
537,Brena Kellert
538,Richart Merriott
539,Rollins Bartosek
540,Faina Laundon
541,Vitia Latter
542,Roarke Fordham
543,Carlie Geard
544,Davita Jarmain
545,Karie Ower
546,Gypsy Binden
547,Gizela Ettery
548,Roda Galbraeth
549,Sascha Coursor
550,Vasili Gozard
551,Caprice Skechley
552,Norah Fake
553,Morris Strickler
554,Orsa Sidon
555,Delinda Spragg
556,Cam Nower
557,Natka Espadater
558,Bruce Treneman
559,Christyna Francklyn
560,Janene Dobkin
561,Lauri Huson
562,Derrek Mangham
563,Ingeberg Drugan
564,Judas Donn
565,Cookie Jeannin
566,Elane Nanni
567,Krystalle Springle
568,Shirleen McCuish
569,Leona Agneau
570,Kirsteni Chellam
571,Marna Bedding
572,Davidson Speek
573,Arleen Franseco
574,Lindy Solomonides
575,Rosalie Lanaway
576,Torrey Opy
577,Hewett Hammonds
578,Evin Lendon
579,Donelle Dunmore
580,Martino Niaves
581,Lilah Woodlands
582,Kyle Bean
583,Ginelle Domenge
584,Hamlen Odger
585,Kandy Seivertsen
586,Doloritas Streater
587,Danyelle Elliot
588,Lucinda Chaucer
589,Alvis Edmott
590,Tarah Kroger
591,Arman Elloit
592,Raye Gillmore
593,Abbott Conigsby
594,Adrien Faltin
595,Lindon MacGilrewy
596,Vincenz Murrum
597,Dinah Lauga
598,Kristian Nannoni
599,Esta Sonier
600,Keir Paley
601,Alia Colebeck
602,Hollyanne Lawles
603,Stephine Laxson
604,Brandea Hector
605,Sonnnie Lothlorien
606,Willy Hellikes
607,Judon Laden
608,Hayyim Riteley
609,Mariana Jeaycock
610,Joyann Shearmer
611,Goldarina Van den Bosch
612,Merralee Kerfut
613,Devlin Gosdin
614,Ddene Peaurt
615,Earlie Alenikov
616,Roxy Kenworth
617,Bernetta Mallia
618,Rollins Larkkem
619,Ladonna Hacksby
620,Romona Massey
621,Tobey Gentery
622,Barthel Voice
623,Leonie Goodlake
624,Shurlocke Lenham
625,Modestia Woolacott
626,Kort MacVay
627,Christoffer Dring
628,Paxton Hryskiewicz
629,Caitlin Enevoldsen
630,Carly Tooley
631,Berkley Hume
632,Helenka Hemms
633,Aile Jantot
634,Hermina Rawsthorne
635,Gleda Tippings
636,Osbourn Bolliver
637,Viviana Killgus
638,Isidro Bickardike
639,Jesse Hotson
640,Creighton Malenfant
641,Carlen Dymock
642,Lyn Burde
643,Helene Hellmer
644,Rora Libbey
645,Kirstin Chewter
646,Errick Gopsell
647,Helenelizabeth McGreay
648,Melina Wychard
649,Frederich Deverille
650,Jamie Tupper
651,Byrom Castagnone
652,Carolan Siflet
653,Mathian De Ruel
654,Moina Leavold
655,Fitz Scarlett
656,Niko Crenage
657,Barbey Hunton
658,Ursulina Buckingham
659,Erroll Hurd
660,Christoper Pallent
661,Felic Stanbra
662,Arturo Bwy
663,Ximenez Duffy
664,Van Sutter
665,Derk Jansky
666,Rasla Dukes
667,Frasco Pitford
668,Sheeree Oliffe
669,Cly Baron
670,Marleah Lawes
671,Griff Lowdham
672,Ricky Gimlet
673,Vick Tuting
674,Darnell Darnbrough
675,Cynthia Ivchenko
676,Elaina Plester
677,Ursala Coffee
678,Carolynn Schonfeld
679,Iago Filippucci
680,Doloritas McArd
681,Becki Aikenhead
682,Marylin Beddingham
683,Bentley Peddel
684,Emmalynne Crosson
685,Berny Mulloch
686,Malanie Trouel
687,Yorke Blease
688,Kristine McCormick
689,Thekla Vassano
690,Avram Cordova
691,Debi Phittiplace
692,Elsworth Doctor
693,Gussi Adiscot
694,Vivianna Rubinovitsch
695,Andie Prewett
696,Dur Guyan
697,Sadye Mabe
698,Joan Digance
699,Tandy Sudy
700,Bartholomeus Abraham
701,Jo-anne Crommett
702,Karina MacNamee
703,Magnum Broughton
704,Ravi Gentiry
705,Anneliese Waller-Bridge
706,Eran Fletham
707,Rica Blacklock
708,Andrea Wathall
709,Natalie O' Ronan
710,Calley Draycott
711,Arabele Moorhead
712,Leena Kenchington
713,Tabatha Doniso
714,Milka McNickle
715,Susan Matskiv
716,Edsel Rymer
717,Chrissy Klisch
718,Matteo Chaters
719,Mercy Stitt
720,Saxon De Francesco
721,Elene Kobel
722,Ettie Snarie
723,Garrick Sandaver
724,Norma McLarens
725,Joby Harken
726,Christy Dziwisz
727,Corrinne O' Mulderrig
728,Miguelita Fallawe
729,Dill Phillcox
730,Jeanine Grimsdale
731,Lois Fauguel
732,Franky Offield
733,Madison Schuster
734,Wilton Rankine
735,Trina Rance
736,Quincy Offener
737,Melisa Patria
738,Natassia Southern
739,Mikael Dootson
740,Austen Du Pre
741,Pierrette Yarnell
742,Alyson Jan
743,Adelice Riccetti
744,Cate Pickerin
745,Dom Wileman
746,Karon Smythe
747,Claiborne Malim
748,Cecily Jarville
749,Curtice Oldam
750,Coralie Rathborne
751,Basil Catterick
752,Barbabra Leisk
753,Alyda Paxforde
754,Winny Puddephatt
755,Gunner Huyge
756,Charlotte Pow
757,Ingunna Hort
758,Imelda Talloe
759,Hughie Pollastrone
760,Starla Pechard
761,Gail Brommage
762,Auroora Engley
763,Paxton Thwaites
764,Egon Ivshin
765,Rene Gisburne
766,Ricky Faulkner
767,Rudyard Astbury
768,Wendie Shutler
769,Asa Gebhard
770,Esta Vigietti
771,Zabrina Delacourt
772,Annamarie Popland
773,Junia Munns
774,Osmond Sweett
775,Edik Mazzeo
776,Gilbertine Cleen
777,Alonzo Spandley
778,Maribelle Marrion
779,Margaretta Hyland
780,Arney Terrey
781,Wright Laval
782,Cherilynn Stratten
783,Lyndell Wisker
784,Janaye Whittam
785,Giavani Scrammage
786,Corney Lowndes
787,Halley Kirton
788,Rollo Robens
789,Hadleigh Grewar
790,Lucie Sandyford
791,Kellia O'Keefe
792,Luca Westwater
793,Jojo Treby
794,Meredithe Shallcross
795,Brantley Loseke
796,Brandon Cowthard
797,Twyla Mayworth
798,Roxie Lanston
799,Gertrudis Brecknall
800,Trey Tizard
801,Noell Doddemeade
802,Skell Odhams
803,Padriac Patty
804,Felizio Tilby
805,Baxter Olle
806,Rourke Longley
807,Stillmann Stump
808,Edouard Basford
809,Sophie Malicki
810,Reyna Ramos
811,Flinn Ogan
812,Sybila Madgewick
813,Cornela Mabe
814,Melita McRavey
815,Austen Tinghill
816,Jemimah Padilla
817,Gwendolyn Gunda
818,Bryna Polamontayne
819,Tatum Exroll
820,Adelaida O'Kenny
821,Anstice Barlas
822,Ingunna Jain
823,Carolann Luxford
824,Darcey Southan
825,Carrissa Yewdall
826,Salvador Jenken
827,Lilllie Lamberton
828,Ritchie Mochar
829,Daron Scolts
830,Berry Book
831,Carlen Edinboro
832,Angelo Jopson
833,Travers Harpham
834,Ernesto Lillicrap
835,Albertine Cave
836,Celia Ranklin
837,Brigid Gansbuhler
838,Sheri Domino
839,Clayton Kinlock
840,Vivianne Spalls
841,Janessa Dobinson
842,Irma Luthwood
843,Dyanna Kruse
844,Bayard Burch
845,Cullie Wilkison
846,Peria Siene
847,Jada Trever
848,Husain Alberti
849,Dieter Dickin
850,Cele Bosward
851,Vernice Urwin
852,Elbert McKern
853,Nathalie Gillebert
854,Abey Sterland
855,Enoch Faich
856,Paulie Walster
857,Judon Bresman
858,Carmine Mair
859,Valentine Newns
860,Cory Lambert
861,Almira Blissett
862,Cherianne Witherbed
863,Geoff Tadman
864,Bartholomeus McGilvray
865,Kristoffer Dawkins
866,Mareah Evemy
867,Decca Vittle
868,Claudia Aronovich
869,Leonora Creeghan
870,Jaquenette Govinlock
871,Konstantin Smallman
872,Kizzee Dansken
873,Griswold Walby
874,Rosa Alishoner
875,Web Winman
876,Adriane Perrycost
877,Gwenette Roggerone
878,Harwilll Assad
879,Dulcea Perdue
880,Latrina Zaczek
881,Melvin Gilroy
882,Sonya Vaggs
883,Lauraine McNiff
884,Bartram Eckley
885,Gussy Haddrell
886,Lora Feore
887,Codie Forkan
888,Angeli Jendas
889,Filberto Mathon
890,Beau Skey
891,Cristie Francombe
892,Mildrid Pitrollo
893,Mei Carmichael
894,Bren Mateja
895,Jacqueline Buncombe
896,Marci Offa
897,Tawsha Cahn
898,Lil Jopke
899,Flo Oakwood
900,Scotty Wannell
901,Clem Kirton
902,Petronilla Yakovliv
903,Roxana Stiffkins
904,Joceline Staggs
905,Lenore Bunstone
906,Dugald Khan
907,Duff Harborow
908,Madonna Cardnell
909,Merrilee Beckley
910,Davide Marks
911,Burlie Records
912,Nariko Corser
913,Leela Laurencot
914,Lenore Dominici
915,Annemarie Georgi
916,Cale Maulden
917,Daphene Einchcombe
918,Sloane De Minico
919,Irita Folley
920,Benson Yard
921,Junette Gladdish
922,Yanaton Ruilton
923,Mateo Firebrace
924,Tandi Leif
925,Britte Overy
926,Salim Murch
927,Fanya Birtley
928,Herculie Kaas
929,Melony Giuron
930,Prudence Gaitskill
931,Minta Vials
932,Gilberte Dowtry
933,Sande McGooch
934,Sunshine Lodin
935,Yank Bishop
936,Augustina Fere
937,Murdoch O'Callaghan
938,Innis Duffitt
939,Josepha Delf
940,Ellswerth Maryan
941,Vaughan Otley
942,Constantine Shorthouse
943,Sarette Sydry
944,Ida Leadbetter
945,Kenton Ciotto
946,Jazmin Dobinson
947,Aeriela Jaye
948,Dore Isaacs
949,Jacki Caddy
950,Eal Legg
951,Cherry Snell
952,Dru Comizzoli
953,Emanuel Domaschke
954,Yolanda Livens
955,Calvin Pleven
956,Dinny Joanic
957,Laurianne Shadfourth
958,Danyette Shaylor
959,Aurea Sudron
960,Vinny Barstock
961,Konstanze Gorrick
962,Urson Davidow
963,Lock Garfoot
964,Rustin Hasnip
965,Irwin Wagnerin
966,Mollie Zuppa
967,Tory Dencs
968,Gabriella Gogarty
969,Godfree Seward
970,Dulcie Vane
971,Ardath Chimes
972,Jabez Windrass
973,Maighdiln Hayley
974,Magdaia Kale
975,Cherilynn Stork
976,Cristionna Blasing
977,Rowen Carnock
978,Morie McCarrick
979,Emmy Garlinge
980,Natty Lates
981,Maitilde Drinan
982,Benjie Saing
983,Lucy Raxworthy
984,Eirena Zucker
985,Massimo Spellard
986,Burl Barthot
987,Heloise Gayton
988,Brandie MacShirie
989,Andrej Pyott
990,Judie Becconsall
991,Jennine McQuarter
992,Petronella Glazer
993,Leonelle Botterill
994,Tyrone Hanhardt
995,Kris Le Fevre
996,Karilynn Filipchikov
997,Tades Mosley
998,Ivett Darth
999,Ally Boog
1000,Carole Cowpertwait
