id,Name
1,Hedy Estable
2,Crysta Kellick
3,Jacky Stroband
4,Beitris Zambonini
5,Dyana Lawrie
6,Bobinette Setchfield
7,Raymund Matthewson
8,Nappy Livzey
9,Nap Carthew
10,Abe Petschel
11,Jasmin Mayne
12,Frederigo Pencott
13,Tiertza Birrane
14,Jeanine Odom
15,Rozanne Heitz
16,Barbe Tythacott
17,Terencio Bucham
18,Kessia Bradie
19,Kristan Blundon
20,Joly Liverock
21,Goldarina MacLucais
22,Sara-ann Rabbitt
23,Kristofer Starkie
24,Marlin Foskew
25,Nariko Dossit
26,Calida Colliard
27,Jeff McNeigh
28,Taite MacNeill
29,Kaja Papes
30,Rani Hardstaff
31,Eward St. Pierre
32,Valentine Furby
33,Gideon McBain
34,Carlita Crosskill
35,Ransell Peegrem
36,Barr Sheepy
37,Missie Aitkenhead
38,Carola Agostini
39,Jacquelynn Arson
40,Lindon Sneesby
41,Tabbitha Rouse
42,Nicholle Matejic
43,Sonnnie Cartmell
44,Susan Moughton
45,Ambrosi Balducci
46,Corbet Thain
47,Orren Brimner
48,Derril McEvoy
49,Dewitt Peedell
50,Ethe Allott
51,Kendall MacDonogh
52,Olympe Lyddy
53,Tabbie Moorman
54,Karney Bunstone
55,Mabel Stoggles
56,Clem Galero
57,Isis Gaskoin
58,Rodger Ivons
59,Maryjo Mulheron
60,Fielding Varcoe
61,Trueman Bister
62,Afton Speenden
63,Brittne Venard
64,Shirl Esp
65,Yetta Syalvester
66,Marybelle McCloughen
67,Marjory Jarlmann
68,Ekaterina Dragonette
69,Kaitlin McHaffy
70,Paulie Borg-Bartolo
71,Seumas Castellani
72,Barr Gothard
73,Silvia Farley
74,Lesly Node
75,Meridith Collough
76,Adora Chape
77,Kippar Oseland
78,Angelia De Benedetti
79,Genna Verlinde
80,Irita Chapellow
81,Marv Dodding
82,Marris Kevis
83,Adella Leynagh
84,Rona Simmons
85,Lexine Wheeler
86,Syd Bowton
87,Drucill Iacovo
88,Bamby Harnell
89,Anthony Lougheid
90,Sigismundo Leggan
91,Hastie Telling
92,Bertha Chimenti
93,Leighton Tregenza
94,Allyce Duerden
95,Judy Tunnadine
96,Ky Smidmoor
97,Camel Lawee
98,Michaelina Scally
99,Marcy McSorley
100,Sibylle Fetter
101,Katti Leith
102,Lynnette Glanert
103,Lowe Bru
104,Briney Gayter
105,Stesha Straneo
106,Ashely Bille
107,Birk Burtwhistle
108,Shawn Blockey
109,Shaun Laing
110,Louisette Landrean
111,Gertie Howford
112,Jeannie Warters
113,Vallie Circuit
114,Henka Deinhardt
115,Lilas Rough
116,Maddalena Nucator
117,Alphonso Ivashev
118,Gretta Paffitt
119,Adriana Amoore
120,Rhodie Marston
121,Letisha Radband
122,Roxi Chippindall
123,Felizio Randleson
124,Edgard Warry
125,Rob Devereux
126,Hilary Mitroshinov
127,Gerhard Whaley
128,Jaimie Mitchiner
129,Margareta Jelkes
130,Broderic Lorroway
131,Bertie Tather
132,Desiri Teodori
133,Fonzie Dakhov
134,Lou Arrol
135,Joey Alps
136,Patti Loachhead
137,Griffie Crinion
138,Dede Pengelly
139,Ola Ossulton
140,Elisha Lowndes
141,Hagan Lewington
142,Waneta Denney
143,Thomasina Spacy
144,Adey Freiberg
145,Maggy Hawkyens
146,Aloisia Bellenie
147,Mary Vel
148,Grannie Fulstow
149,Chelsey Bridel
150,Trista Harnor
151,Aubrey Wolfendell
152,Martynne Gerrie
153,Isahella Grishakin
154,Pattin Van der Krui
155,Julio Marchelli
156,Cort Tewnion
157,Amery Hansod
158,Matilde Baudinet
159,Bambi Reddy
160,Denney Berrill
161,Pepillo Guirau
162,Fanchon Snartt
163,Skip Swansborough
164,Adi O'Flaverty
165,Meredith O'Duilleain
166,Vanya Staley
167,Corrine Gilluley
168,Alfy Glassford
169,Olly Stedson
170,Donica Bax
171,Camellia Burbury
172,Gaultiero Zambonini
173,Crin Levington
174,Dolli Tremble
175,Benedikta Rawdall
176,Tallie Bunch
177,Binny Giacoppoli
178,Arny Kamien
179,Claudine Basketfield
180,Farra Tremolieres
181,Maura Philpault
182,Sigfried Jays
183,Merridie Ouver
184,Garvy Iacavone
185,Frank Baline
186,Auroora Enrigo
187,Bartie Cainey
188,Yovonnda Dryden
189,Carlen Bandt
190,Deck Habbal
191,Berty Dany
192,Hillel Bumford
193,Henryetta Pagram
194,Sammy Jaksic
195,Ellen Koeppke
196,Tasha Handman
197,Ase Ludlam
198,Layton Kembry
199,Tabbi Hadfield
200,Elihu Sabatini
201,Egbert Pedel
202,Ernestine Raynton
203,Roscoe Switzer
204,Koren Bayley
205,Dorothy Gillham
206,Ellerey Bellay
207,Katrine Barfield
208,Larissa Kareman
209,Jaquenetta Mingasson
210,Beatriz Byron
211,Free Jacmard
212,Lorrie Milbourne
213,Dinnie Barrs
214,Jayne Dominicacci
215,Oralia Stile
216,Brew Pettit
217,Nelia Paullin
218,Manda Scholz
219,Gloria Mordin
220,Anders Edling
221,Norine Rowbury
222,Gregoire Bullent
223,Elset Mates
224,Geno O'Donoghue
225,Philbert Milton
226,Agnola Jouen
227,Remington Dulton
228,Annabel Rundall
229,Byrle Darwen
230,Sloane Dungate
231,Dane Kilbane
232,Celeste Leroy
233,Jerald Lutty
234,Shepard Philps
235,Tomi Skirving
236,Roshelle Bradder
237,Malina Kilbey
238,Chane Purchase
239,Elsey Suatt
240,Lee Chettle
241,Obadiah Tumioto
242,Ramona Croix
243,Melanie Cockroft
244,Bert Berns
245,Bernice Cornelisse
246,Wally Wison
247,Cyndy De Blase
248,Elliot Dockrill
249,Dorey Salvidge
250,Maitilde Broxton
251,Gayle Szubert
252,Goddart Olwen
253,Anallese Leif
254,Tatiana Kasper
255,Skyler McGinny
256,Skip Rosthorn
257,Fax Kinghorn
258,Christophe Shaxby
259,Joycelin Baudet
260,Agatha Simonett
261,Duke Ivankin
262,Kenna Valentim
263,Junie Francom
264,Emmi Haslock(e)
265,Norris Cowsby
266,Hamid Bento
267,Lenee Planks
268,Lothario McConigal
269,Benito Smillie
270,Phylis Martelet
271,Franny Omand
272,Bald Clashe
273,Ingrim Mulroy
274,Ludwig Instrell
275,Marjy Jedrychowski
276,Johnnie Lewendon
277,Tracie Stratley
278,Linell Doldon
279,Sutton Harp
280,Karlotte Richt
281,Karalynn Sotworth
282,Ilyssa Champion
283,Christian Gingel
284,Igor Huddlestone
285,Hollie Hornig
286,Walsh Simioni
287,Tristan Freschi
288,Mirilla Gourdon
289,Birgitta Kreutzer
290,Priscella Worsham
291,Henka Naisbet
292,Yovonnda MacNucator
293,Sharron Jovis
294,Dania Cragell
295,Sayres Gimert
296,Hedwiga Lavalde
297,Luis Plumb
298,Janelle Gorce
299,Rebeka Van der Linde
300,Farlee Kynnd
301,Nolly MacKerley
302,Dietrich Bakes
303,Lyndell Lambswood
304,Zonnya Labarre
305,Ella McClay
306,Kirstin Broomhall
307,Renato Cooke
308,Humfried Kalinsky
309,Justine Orsay
310,Marcellina Mortimer
311,Glenden Sexstone
312,Avery Lindeman
313,Lorrie Picot
314,Emilee Barnewille
315,Brandi Scoterbosh
316,Em Ogborne
317,Andres Leveret
318,Janel Rorke
319,Melba Plomer
320,Charline Soppit
321,Sandor Shera
322,Lynelle Stoffer
323,Isabelle Middlewick
324,Jennee McMeekin
325,Denny Sprakes
326,Scot Theurer
327,Katrina Frondt
328,Ferrell Holde
329,Jeromy Urion
330,Grove Spickett
331,Trixy Catling
332,Florri Whitely
333,Elwyn Stubbes
334,Goldia Kalkofer
335,Shaw Mion
336,Kevan Spofford
337,Franklin Cheke
338,Bondie Jayes
339,Joanna Lydall
340,Celina Rosie
341,Tomi Noe
342,Miguela Ratley
343,Ettie Willerstone
344,Pail Bulled
345,Lian Bengtsen
346,Carine Ceaplen
347,Coralyn Delgaty
348,Robers Delap
349,Denise Splevin
350,Eustacia O'Hederscoll
351,Maximo Brodeau
352,Denis Ganning
353,Sheilakathryn Stanlike
354,Leeann Reinbech
355,Susann Cromett
356,Olivero O'Spillane
357,Ebonee Neissen
358,Lily Peasby
359,Wynne Baulk
360,Cicely Linscott
361,Dasi Rangle
362,Zena Jeckell
363,Alfons Tink
364,Way Greasley
365,Freddie Lintall
366,Alanna Finnes
367,Tawsha Dyneley
368,Kellen Lowles
369,Annemarie Bare
370,Adelaide Nisius
371,Abbie Rumbelow
372,Diego Lowy
373,Haily Todarello
374,Mirelle Loveredge
375,Daniel Gerretsen
376,Jillie Arter
377,Reidar Fer
378,Burton Ausher
379,Ethelbert Skurm
380,Valida Jewsbury
381,Ladonna Parsand
382,Martyn Arter
383,Baudoin Reubens
384,Karel Quinn
385,Camila Clamp
386,Kerianne Kilius
387,Marika Bissill
388,Cleon Cominoli
389,Feodor Porte
390,Karissa Headland
391,Clair Matyas
392,Farra Artingstall
393,Wendye Chaperling
394,Christina Prinne
395,Avery Renahan
396,Milton Larcher
397,Findley Swindle
398,Koral Gilstin
399,Cathryn Jays
400,Joane Roseborough
401,Mora Steinham
402,Tallou Sapey
403,Orsola Striker
404,Clementina Jakubiak
405,Ritchie Stocken
406,Nona Longfoot
407,Luca O'Shirine
408,Kellina Covil
409,Waite Rother
410,Lenci Godly
411,Diahann Revett
412,Ninnetta Heynen
413,Davine Egginson
414,Bentley Piggin
415,Marten Deboo
416,Eberhard Mustoo
417,Rosita Giddy
418,Lishe Markussen
419,Reinaldos Boyer
420,Emmy Duffree
421,Welbie Cutcliffe
422,Caresa Willingam
423,Anna-diana Agerskow
424,Chevy Burdytt
425,Eliot Yielding
426,Charla Henfre
427,Genevieve Lisett
428,Guinna Feldmann
429,Justis Koomar
430,Mady Donisi
431,Darci Adanez
432,Gannon Blunderfield
433,Masha McArtan
434,Mehetabel Forgie
435,Opal Blakemore
436,Ester Swatten
437,Cari Pinwill
438,Rozamond Schoffler
439,Juliann Goodwill
440,Arlana Cowans
441,Cordi Sturch
442,Isabelle Craker
443,Nancey Wareham
444,Antonino Dominec
445,Chester Fones
446,Jerrie Stubbs
447,Gale Kemitt
448,Katusha Kitchener
449,Kathie Toffel
450,Tuckie Enrigo
451,Rania Jacobson
452,Honor Fritschmann
453,Bamby Grog
454,Quintana Marousek
455,Quintina Zarfati
456,Mattie Woodson
457,Gladi Landsman
458,Domingo Iglesia
459,Barbi Willerstone
460,Bayard Gladeche
461,Konstanze Winscomb
462,Minnnie Blowick
463,Row Attard
464,Colin Luck
465,Tommie Albone
466,Farra Haker
467,Doti Greatex
468,Lois Durbin
469,Kissie Craydon
470,Geri Coggings
471,Malena Mac Geaney
472,Sheilakathryn Tayspell
473,Edythe Henbury
474,Devin Laurant
475,Doretta Shieber
476,Lorri Cayle
477,Rivalee Barringer
478,Elyn Lewty
479,Kalina Musker
480,Chlo Pywell
481,Beret Mathe
482,Pavia McVeighty
483,Melodie Haig
484,Butch Pena
485,Melamie Krzyzowski
486,Ania Titman
487,Dulcinea Hawkins
488,Vidovic Balcon
489,Hoyt Leggitt
490,Teriann Heel
491,Wittie Ludgate
492,Tori Ronan
493,Sunny French
494,Shelagh Kettlesing
495,Far Cuer
496,Sutton Ibanez
497,Alejandra Rastall
498,Claresta Cromleholme
499,Langsdon Wines
500,Burch Hillock
501,Jemie Chudleigh
502,Gaye Penkman
503,Valentine Jovic
504,Herbie Whyler
505,Jordan Nawton
506,Abbey De Benedetti
507,Randy Belitz
508,Lyndsay Sergison
509,Georgie Grevel
510,Colene Skeemer
511,Salomi Konke
512,Rosemary Petrushka
513,Padget Inkle
514,Davina Aitchison
515,Gaylord Fasler
516,Mickie Buckerfield
517,Lindsey Woollam
518,Jamal Matthisson
519,Saloma Barnaclough
520,Nari Licciardo
521,Amos Rainy
522,Keane Piggin
523,Holly-anne Alen
524,Frederich Doget
525,Hamid Hold
526,Maridel Helgass
527,Kittie Tardiff
528,Zsazsa Piegrome
529,Weston Clapson
530,Vaclav Witherop
531,Georgina Doerrling
532,Karlik Roddam
533,Rorke Renak
534,Merrie Brailsford
535,Cornie Hugonneau
536,Danika Stockhill
537,Iolanthe Dubock
538,Karlik Hamnett
539,Quinn Targe
540,Maddy Zack
541,Sven Iacobo
542,Tobin Trundler
543,Sammy Reardon
544,Nat Quaife
545,Fidel Haddy
546,Jordan Simonnin
547,Grayce Avrahm
548,Tanitansy Bailiss
549,Brooks Slayny
550,Eddy McClinton
551,Patrice Wareing
552,Paulie Gillino
553,Catherina Pashen
554,Jobina Gwilt
555,Zach Juares
556,Lorianne Ashfull
557,Margo O' Dooley
558,Granger Mees
559,Athena Lattie
560,Faydra Fawltey
561,Vasily Walcot
562,Max Scolts
563,Gene Waulker
564,Dasie Ivashnyov
565,Ernest Danbrook
566,Lorene Claypoole
567,Bing Imlacke
568,Fairfax Opy
569,Bartholomew Brosi
570,Livia Murrhardt
571,Bev McCrie
572,Van Andreoletti
573,Gayla McKeaney
574,Rey Guyot
575,Gerrilee Atte-Stone
576,Gwenneth Shailer
577,Joete Bazley
578,Casey Bernardeschi
579,Cosmo Artist
580,Oliy Coatman
581,Rona Andrez
582,Skye Klarzynski
583,Tressa Hazeldine
584,Elisa Goreisr
585,Hugues Pierton
586,Olin Denne
587,Patric Arnli
588,Ossie Trasler
589,Carrissa Headly
590,Jenilee Vassie
591,Janette Ebertz
592,Harper Arnowicz
593,Patience Kayne
594,Vanda Taunton
595,Ola Swindle
596,Huey Shackle
597,Trefor Scanlin
598,Marje Grinnikov
599,Darsie Lezemore
600,Gaston MacGarrity
601,Skippie Shakesby
602,Kayla Merrisson
603,Amalia Milella
604,Pavlov Dutteridge
605,Mia Beckham
606,Palm Glanville
607,Hurley Marfe
608,Marabel Chataignier
609,Denise Bendley
610,Randall Crambie
611,Lexy Basill
612,Ambur Gaines
613,Emmie Quakley
614,Sawyer Beaves
615,Hastie Toffel
616,Florry Drance
617,Gavan Pratchett
618,Catrina Thackwray
619,Westley Gillitt
620,Corilla Iggo
621,Rina Bock
622,Avictor Tuma
623,Rusty Dinning
624,Alidia McCauley
625,Mickie Edgerley
626,Merrili Adshede
627,Nicolas Cubley
628,Meade Harnes
629,Cybill Sothcott
630,Byrle Kennagh
631,Magdalene Durdy
632,Alexis Chansonne
633,Lou Trowsdale
634,Windy Eliassen
635,Isak Adshead
636,Charla Brittan
637,Kym O'Scully
638,Vergil Govey
639,Karly Zeplin
640,Jasper Levett
641,Minne Ashplant
642,Eddi Tomsen
643,Malynda Dunsmore
644,Jasmina Shimmin
645,Garland Eaden
646,Thea Skidmore
647,Geralda Haslehurst
648,Vinnie Arnaldi
649,Birgitta Barsam
650,Homerus Fillimore
651,Katinka Huffa
652,Donal Hellmore
653,Elsy Gockeler
654,Vicky Hansard
655,Abigale Mechem
656,Luciana Sowersby
657,Ruttger Espinha
658,Dar Grainger
659,Vincents Sorrel
660,Lydie Pamplin
661,Lonna Gunson
662,Oates Warrender
663,Northrup McClaren
664,Channa Quakley
665,Decca Guiet
666,Cyndia Hurford
667,Phil Robuchon
668,Josepha Ilyenko
669,Diego Kamenar
670,Cesya Andreaccio
671,Serene Hickin
672,Hermon Copsey
673,Augustina Brugger
674,Wilhelm Thorneloe
675,Thedrick Bedson
676,Tommy Hayller
677,Leonard Vamplew
678,Charlena MacCostye
679,Persis Fitch
680,Roselia Nutbeem
681,Gelya Grimolbie
682,Ginelle Garlinge
683,Maurie Cattlemull
684,Ivar Brun
685,Gerianne Hawler
686,Norris Giovannilli
687,Karia Gregoletti
688,Lancelot Smedley
689,Wrennie Kenchington
690,Christine Ede
691,Greta Romaine
692,Terry Sheryne
693,Johnny Jevon
694,Jdavie Dixson
695,Regine Lane
696,Cecile Casale
697,Artie Aspray
698,Milli Dono
699,Benyamin Soggee
700,Rhett Maffucci
701,Karine Keates
702,Shurwood Locke
703,Alida Abell
704,Olia Kewzick
705,Essy de Clerk
706,Vittoria Brodhead
707,Leyla Falconar
708,Brit Ambrogini
709,Gwyneth Gouinlock
710,Kyla Walduck
711,Galina Labbett
712,Hamish Leighton
713,Lorenzo Deaves
714,Cristine Snookes
715,Christal Parkins
716,Friedrick Pickles
717,Dorrie Scading
718,Sileas Gerrard
719,Tandi Ayshford
720,Elmore Arnout
721,Tades Engel
722,Verge Gildersleeve
723,Coleen Pavkovic
724,Tailor Tribbeck
725,Johnathon Yushankin
726,Fredric Rizzone
727,Deerdre Keddle
728,Jemmie Rohlf
729,Pablo Sipson
730,Clem Clyburn
731,Hubie Ciotti
732,Langsdon Wisker
733,Devon Hinze
734,Ignaz Welsh
735,Chaim Jiru
736,Payton Dodgson
737,Dawn Thams
738,Dorette Wildman
739,Ira Maneylaws
740,Rora Tibbotts
741,Samuele Francescoccio
742,Costa Jessope
743,Milty Blowin
744,Neysa Heinlein
745,Liana Lidstone
746,Michel Mapowder
747,Ardyth Chang
748,Godfrey Elston
749,Stefanie Clawson
750,Athene Stoney
751,Mathew Santostefano.
752,Jesse MacNamara
753,Ginger Davidou
754,Giusto MacAllen
755,Nicky Barajaz
756,Auroora De Bischop
757,Glori Koppelmann
758,Tiphani Harrill
759,Berk Emloch
760,Zabrina Moynham
761,Marnia Mughal
762,Torre Ormshaw
763,Brietta Murcutt
764,Issie Greensides
765,Miguel Rhodus
766,Benjamin Kilmurray
767,Brnaba Barrington
768,Arleta Cushworth
769,Dredi Trevers
770,Kissie Clouter
771,Duane Bizzey
772,Paten Tettley
773,Reg Fairley
774,Dorelia Poleye
775,Marsiella Pickup
776,Pail Redpath
777,Glennis Glasson
778,Drucie John
779,Noak Macura
780,Siffre Fellgatt
781,Adler Casiroli
782,Merrili Soden
783,Ravi Durning
784,Moritz Learie
785,Ingaberg Ferry
786,Ray Berick
787,Amanda Camsey
788,Paten Ferrarello
789,Beth Lorkins
790,Kaitlyn Dibbert
791,Gaston Grigoire
792,Mikey Oswick
793,Fidole Copper
794,Ellene Kenwyn
795,Anneliese Hawtin
796,Johnath McCraw
797,Kaela Lutton
798,Audrey Janway
799,Florenza Groomebridge
800,Bellina Ruddiman
801,Adore Petchell
802,Veronike Christophle
803,Leontine Le Marchand
804,Christopher Antonoyev
805,Bud Keay
806,Chandler Flury
807,Margo Godball
808,Cordelia Innis
809,Roobbie Sennett
810,Derry Bozward
811,Agata Schanke
812,Lorrie Helversen
813,Ursulina Koeppe
814,Elwin McMichan
815,Corby Hudghton
816,Emory Brockman
817,Amalie Swanger
818,Hope Duffin
819,Heidi Dunniom
820,Dov Robardey
821,Cristin Chipping
822,Dorolisa Tolson
823,Prinz Wadeson
824,Abner McArte
825,Abby Danaher
826,Marty Royans
827,Howie Alwin
828,Milzie Mithun
829,Joseito Gandrich
830,Darryl Stopforth
831,Koralle Cone
832,Gardy Arderne
833,Louella Wolfit
834,Jard Rammell
835,Anstice Holttom
836,Annie Carrell
837,Caz O'Dooghaine
838,Anastasia Grainger
839,Edi Ankers
840,Leonard Hollows
841,Effie Elliff
842,Alonzo Schwerin
843,Turner Ellgood
844,Stinky Tollerton
845,Hort Pavolini
846,Bird Ginni
847,Sena McCague
848,Liam Gatherell
849,Jan O' Donohue
850,Janice Duxbarry
851,Electra Bakes
852,Josepha Dubbin
853,Gusella Rheam
854,Tobi Deam
855,Yehudi Tampion
856,Evy Ankers
857,Sebastien Hillock
858,Walther Cleall
859,Edwina Christol
860,Estrella Lusted
861,Mariann Carroll
862,Simonne Hanne
863,Myrwyn Eschalotte
864,Killy Sollas
865,Myca Fernley
866,Carlita Jentzsch
867,Fancie Clift
868,Cammie Damerell
869,Tammara O'Crigan
870,Bartholemy Briton
871,Latisha Paal
872,Gina Chittock
873,Kissiah Trenaman
874,Desirae Habbes
875,Arly Scheffler
876,Hendrika Sloy
877,Laurianne Brasseur
878,Vikky Ingerith
879,Liva Neame
880,Loren Pinnion
881,Cchaddie Extance
882,Bastian Challicum
883,Hinze Loving
884,Joellyn Massingberd
885,Roderic Yuille
886,Bobbie Corryer
887,Shane Gummory
888,Barnabas Fingleton
889,Rice Sends
890,Roth Holsey
891,Stefan Marston
892,Herschel Abrahim
893,Annette Jerdein
894,Dara Bodycomb
895,Elsworth Hendren
896,Madalena Swanton
897,Milka Ballam
898,Portie Hardin
899,Conway Tripp
900,Daisie Mcmanaman
901,Tabby Dewick
902,Raphaela McIlraith
903,Meara Cail
904,Wandie Stollen
905,Neely Fiddian
906,Gerri Brandi
907,Kally Botwood
908,Conrado Nattrass
909,Elianore Nelthrop
910,Antonella Rodenhurst
911,Lark Sains
912,Jerrie Eastbrook
913,Andriana Crookall
914,Sky Carnaman
915,Barby Hurtic
916,Clay Minette
917,Sim Ilyas
918,Alex Rubinowitch
919,Dorri Shovell
920,Dermot Mair
921,Gertrud ffrench Beytagh
922,Constantina Dunlop
923,Reeba Djorvic
924,Beverlee Raitie
925,Shannan Kempstone
926,Celeste Whitchurch
927,Gabriella Passe
928,Salaidh Sibly
929,Hattie Feyer
930,Gretna Crispin
931,Nico Wherrit
932,Ellswerth Dullingham
933,Erny Smethurst
934,Joannes Skitral
935,Eustace Crucitti
936,Talia Cranefield
937,Erna Portress
938,Leticia Bourdas
939,Pattie Chesterton
940,Mel Colenutt
941,Charin Algeo
942,Agosto Delieu
943,D'arcy Tudhope
944,Hugibert Bligh
945,Alicea De Michele
946,Hy Meconi
947,Freeman MacAnelley
948,Jasper Foucher
949,Blakelee Skeldinge
950,Cate Dye
951,Joell Wileman
952,Del Yeabsley
953,Ella Lenham
954,Ardys Vasyushkhin
955,Gris Pavelin
956,Beck Teers
957,Dunc Twitching
958,Templeton Naisbit
959,Annabel Kinneir
960,Bucky Snowling
961,Frederique Bowditch
962,Anna-diana Cicculini
963,Terri Follows
964,Heriberto Snelman
965,Lindy Chad
966,Baxie Ilyuchyov
967,Nina Tapley
968,Gus Beszant
969,Elijah Crompton
970,Bertram Druitt
971,Adey Jandel
972,Celestia Erskine Sandys
973,Hubey Asey
974,Glenn Deneve
975,Evelyn Counihan
976,Orsa Emlin
977,Lanette Harsant
978,Roddy Giacopetti
979,Guthrie Dyet
980,Staci Delatour
981,Jayme Shallcrass
982,Mariska Bloore
983,Margit Stott
984,Wyn Tiffin
985,Nicholle McManamon
986,Bevin McInnerny
987,Abigael Cronshaw
988,Ramona Sidey
989,Alicia Artinstall
990,Mariel Nern
991,Grete Pettegre
992,Barth Wellings
993,Gram Sackey
994,Nissie Swyer-Sexey
995,Neron Glasner
996,Lilla Gilks
997,Ediva Tinline
998,Kimbell Lethlay
999,Una Boffin
1000,Alva Hornung
